,ECODe,IForest,OCSVM,COF,COPOD,ECOD,HBOS,KNN,LODA,LOF,SOD,PCA,CBLOF
"('adbench\\datasets\\Classical\\15_Hepatitis.npz', 1)",0.006574392318725586,0.0038857460021972656,0.0,0.002822399139404297,0.0005323886871337891,0.0011196136474609375,0.0005495548248291016,0.0021581649780273438,0.0011210441589355469,0.00222015380859375,0.006171703338623047,0.0005259513854980469,0.0005555152893066406
"('adbench\\datasets\\Classical\\45_wine.npz', 1)",0.0038909912109375,0.0039103031158447266,0.0,0.0032355785369873047,0.0011034011840820312,0.0005514621734619141,0.0,0.003347635269165039,0.001722574234008789,0.0005388259887695312,0.010552406311035156,0.0,0.0006868839263916016
"('adbench\\datasets\\Classical\\21_Lymphography.npz', 1)",0.005488157272338867,0.0036821365356445312,0.0005245208740234375,0.0038568973541259766,0.0010972023010253906,0.0010900497436523438,0.0,0.00323486328125,0.0005362033843994141,0.002211332321166992,0.009315729141235352,0.0,0.0
"('adbench\\datasets\\Classical\\46_WPBC.npz', 1)",0.00928187370300293,0.004381418228149414,0.0005502700805664062,0.00655055046081543,0.001085519790649414,0.0011065006256103516,0.0,0.010324954986572266,0.0011606216430664062,0.002233743667602539,0.011039495468139648,0.0,0.0005543231964111328
"('adbench\\datasets\\Classical\\14_glass.npz', 1)",0.002245664596557617,0.004350185394287109,0.00058746337890625,0.005720376968383789,0.0010979175567626953,0.0005593299865722656,0.0,0.003290414810180664,0.0011196136474609375,0.0005679130554199219,0.0065310001373291016,0.0005512237548828125,0.0005655288696289062
"('adbench\\datasets\\Classical\\42_WBC.npz', 1)",0.002707242965698242,0.0037364959716796875,0.0005424022674560547,0.007241249084472656,0.0016279220581054688,0.0010862350463867188,0.0,0.004625797271728516,0.0011081695556640625,0.0011162757873535156,0.007735252380371094,0.0,0.0005729198455810547
"('adbench\\datasets\\Classical\\39_vertebral.npz', 1)",0.0017004013061523438,0.0038537979125976562,0.0005674362182617188,0.0066242218017578125,0.0011119842529296875,0.0011115074157714844,0.0005674362182617188,0.0038366317749023438,0.001676321029663086,0.0005528926849365234,0.007799386978149414,0.0005636215209960938,0.00054931640625
"('adbench\\datasets\\Classical\\18_Ionosphere.npz', 1)",0.009346485137939453,0.00438690185546875,0.0005500316619873047,0.012075185775756836,0.001089334487915039,0.0010793209075927734,0.0,0.0071086883544921875,0.0010967254638671875,0.003597259521484375,0.015346765518188477,0.0005471706390380859,0.0
"('adbench\\datasets\\Classical\\37_Stamps.npz', 1)",0.0032777786254882812,0.004446268081665039,0.0011036396026611328,0.011009693145751953,0.0011737346649169922,0.0010962486267089844,0.0005509853363037109,0.005570888519287109,0.001088857650756836,0.0010144710540771484,0.010740280151367188,0.0,0.0005617141723632812
"('adbench\\datasets\\Classical\\43_WDBC.npz', 1)",0.012875556945800781,0.0045244693756103516,0.0011110305786132812,0.013325214385986328,0.001123189926147461,0.002777099609375,0.0005428791046142578,0.008284330368041992,0.001089334487915039,0.0022249221801757812,0.014632701873779297,0.0005385875701904297,0.0005557537078857422
"('adbench\\datasets\\Classical\\4_breastw.npz', 1)",0.002680063247680664,0.004442691802978516,0.0016679763793945312,0.03899812698364258,0.0005462169647216797,0.0017099380493164062,0.0005407333374023438,0.011568069458007812,0.0011322498321533203,0.0010862350463867188,0.02958536148071289,0.0,0.0
"('adbench\\datasets\\Classical\\29_Pima.npz', 1)",0.0033462047576904297,0.0049343109130859375,0.0016262531280517578,0.025689363479614258,0.0010921955108642578,0.0018503665924072266,0.0,0.011556386947631836,0.002106189727783203,0.0016677379608154297,0.02580738067626953,0.0005674362182617188,0.0
"('adbench\\datasets\\Classical\\47_yeast.npz', 1)",0.003857851028442383,0.006129264831542969,0.007254600524902344,0.05673861503601074,0.0022668838500976562,0.0016391277313232422,0.0,0.029078006744384766,0.0022568702697753906,0.00376129150390625,0.07180953025817871,0.0,0.0005612373352050781
"('adbench\\datasets\\Classical\\40_vowels.npz', 1)",0.005182981491088867,0.006558895111083984,0.014832019805908203,0.058975934982299805,0.0027577877044677734,0.003299713134765625,0.0,0.027769804000854492,0.001692056655883789,0.00783228874206543,0.07123780250549316,0.0,
"('adbench\\datasets\\Classical\\12_fault.npz', 1)",0.009997844696044922,0.008444786071777344,0.014640331268310547,0.09268879890441895,0.003831624984741211,0.005208015441894531,0.0005519390106201172,0.05564141273498535,0.002206563949584961,0.0076901912689208984,0.09640717506408691,0.0005514621734619141,0.0011219978332519531
"('adbench\\datasets\\Classical\\20_letter.npz', 1)",0.01055145263671875,0.005986213684082031,0.013109445571899414,0.07377314567565918,0.003853321075439453,0.004472255706787109,0.0,0.054358720779418945,0.002233266830444336,0.006635189056396484,0.054856061935424805,0.0005254745483398438,0.0005557537078857422
"('adbench\\datasets\\Classical\\6_cardio.npz', 1)",0.006524324417114258,0.006715536117553711,0.017611980438232422,0.08285784721374512,0.003905773162841797,0.003292083740234375,0.0,0.06096982955932617,0.002214670181274414,0.008954524993896484,0.0946798324584961,,0.001123189926147461
"('adbench\\datasets\\Classical\\17_InternetAds.npz', 1)",0.45476746559143066,0.007842540740966797,0.18935108184814453,4.67004656791687,0.3392200469970703,0.34297680854797363,0.010887384414672852,0.8825469017028809,0.015729188919067383,0.02570486068725586,0.30872154235839844,0.48671793937683105,0.008754968643188477
"('adbench\\datasets\\Classical\\7_Cardiotocography.npz', 1)",0.0066263675689697266,0.007194042205810547,0.018617868423461914,0.09978723526000977,0.005288124084472656,0.0038979053497314453,0.0005571842193603516,0.07486271858215332,0.002834320068359375,0.009842395782470703,0.08604216575622559,,0.001107931137084961
"('adbench\\datasets\\Classical\\25_musk.npz', 1)",0.060010671615600586,0.009432077407836914,0.08559513092041016,1.4832582473754883,0.07099080085754395,0.06958866119384766,0.003332376480102539,0.25347208976745605,0.007085084915161133,0.008383035659790039,0.17955636978149414,0.008643627166748047,0.0027458667755126953
"('adbench\\datasets\\Classical\\35_SpamBase.npz', 1)",0.023228883743286133,0.00710749626159668,0.08187651634216309,0.3273930549621582,0.022000789642333984,0.021083354949951172,0.0011243820190429688,0.16808557510375977,0.00445246696472168,0.009380102157592773,0.22675681114196777,,0.0010936260223388672
"('adbench\\datasets\\Classical\\41_Waveform.npz', 1)",0.007791042327880859,0.007653951644897461,0.05925393104553223,0.20687127113342285,0.007706403732299805,0.007761478424072266,0.0005502700805664062,0.11693882942199707,0.0040056705474853516,0.006617546081542969,0.18134117126464844,0.0005738735198974609,0.0016703605651855469
"('adbench\\datasets\\Classical\\36_speech.npz', 1)",0.1573038101196289,0.01302337646484375,0.2184007167816162,4.481818675994873,0.19460511207580566,0.21307110786437988,0.009841680526733398,1.0168304443359375,0.007260799407958984,0.02136063575744629,0.3180975914001465,0.06585073471069336,0.004921913146972656
"('adbench\\datasets\\Classical\\38_thyroid.npz', 1)",0.003312349319458008,0.008892297744750977,0.12108349800109863,0.21749043464660645,0.0032758712768554688,0.003964662551879883,0.0005464553833007812,0.06465649604797363,0.003276824951171875,0.014290094375610352,0.16759181022644043,0.0005373954772949219,0.0016977787017822266
"('adbench\\datasets\\Classical\\44_Wilt.npz', 1)",0.004119396209716797,0.008690357208251953,0.10401678085327148,0.30741333961486816,0.004964351654052734,0.004590749740600586,0.0005791187286376953,0.09027624130249023,0.003779172897338867,0.019120216369628906,0.23724675178527832,0.0005595684051513672,0.0005500316619873047
"('adbench\\datasets\\Classical\\30_satellite.npz', 1)",0.018311738967895508,0.013419151306152344,0.17438006401062012,0.7398507595062256,0.02403116226196289,0.024921178817749023,0.001886606216430664,0.2227475643157959,0.006679534912109375,0.012566804885864258,0.39534950256347656,0.0010771751403808594,0.0010919570922851562
"('adbench\\datasets\\Classical\\27_PageBlocks.npz', 1)",0.0055959224700927734,0.009302139282226562,0.13881301879882812,0.4243168830871582,0.0060389041900634766,0.0060672760009765625,0.0005402565002441406,0.09975457191467285,0.003292083740234375,0.022591352462768555,0.301647424697876,0.0,0.0010962486267089844
"('adbench\\datasets\\Classical\\26_optdigits.npz', 1)",0.02587103843688965,0.01102137565612793,0.2262725830078125,0.5386753082275391,0.0412900447845459,0.03670310974121094,0.0022110939025878906,0.35256242752075195,0.006716012954711914,0.024487733840942383,0.30752062797546387,,0.0010726451873779297
"('adbench\\datasets\\Classical\\19_landsat.npz', 1)",0.015976667404174805,0.011588811874389648,0.20288515090942383,0.774169921875,0.03198075294494629,0.028681516647338867,0.0016334056854248047,0.24164319038391113,0.006692409515380859,0.015307903289794922,0.4773998260498047,0.0011529922485351562,0.0012252330780029297
"('adbench\\datasets\\Classical\\31_satimage-2.npz', 1)",0.016450881958007812,0.013272523880004883,0.2086961269378662,0.5385236740112305,0.02850961685180664,0.02908921241760254,0.0010938644409179688,0.25267791748046875,0.004893779754638672,0.013794422149658203,0.33482861518859863,0.001096487045288086,0.001119852066040039
"('adbench\\datasets\\Classical\\28_pendigits.npz', 1)",0.00937342643737793,0.013672113418579102,0.2809457778930664,0.8846912384033203,0.011070966720581055,0.013293027877807617,0.0011000633239746094,0.24159908294677734,0.005435943603515625,0.019060373306274414,0.4679276943206787,0.0005691051483154297,0.0005536079406738281
"('adbench\\datasets\\Classical\\2_annthyroid.npz', 1)",0.0039920806884765625,0.011669397354125977,0.23998594284057617,0.7538547515869141,0.006189584732055664,0.004935741424560547,0.0005567073822021484,0.12419009208679199,0.005467653274536133,0.03132128715515137,0.4622936248779297,0.0,0.0005831718444824219
"('adbench\\datasets\\Classical\\24_mnist.npz', 1)",0.0542302131652832,0.014761924743652344,0.42853641510009766,5.35782527923584,0.07914972305297852,0.08049869537353516,0.0034902095794677734,1.0498566627502441,0.008237361907958984,0.03209090232849121,0.8978869915008545,,0.003390789031982422
"('adbench\\datasets\\Classical\\23_mammography.npz', 1)",0.0037717819213867188,0.014701128005981445,0.5885367393493652,1.6609046459197998,0.010735511779785156,0.010974645614624023,0.0005643367767333984,0.22448420524597168,0.010147809982299805,0.07373809814453125,0.9546892642974854,0.0005488395690917969,0.0005559921264648438
"('adbench\\datasets\\Classical\\22_magic.gamma.npz', 1)",0.010385990142822266,0.026172399520874023,1.2576639652252197,4.818523645401001,0.02284097671508789,0.03476214408874512,0.0010900497436523438,0.4496040344238281,0.015561103820800781,0.2235889434814453,3.1126458644866943,0.0011429786682128906,0.0016181468963623047
"('adbench\\datasets\\Classical\\5_campaign.npz', 1)",0.11758661270141602,0.05107450485229492,11.806808710098267,99.44747281074524,0.3398439884185791,0.3178718090057373,0.011037111282348633,16.671463012695312,0.04230999946594238,0.33130359649658203,12.313945293426514,,0.005995273590087891
"('adbench\\datasets\\Classical\\32_shuttle.npz', 1)",0.01948714256286621,0.054316043853759766,12.008996725082397,41.21602725982666,0.0558476448059082,0.05431222915649414,0.002206563949584961,1.0414206981658936,0.03714489936828613,0.35223841667175293,16.315402269363403,0.003420591354370117,0.0059626102447509766
"('adbench\\datasets\\Classical\\1_ALOI.npz', 1)",0.05692148208618164,0.034891366958618164,15.492952585220337,85.72242784500122,0.29804253578186035,0.22753214836120605,0.0074062347412109375,8.913395404815674,0.03939199447631836,0.45389270782470703,16.760428428649902,0.00944972038269043,0.0055353641510009766
"('adbench\\datasets\\Classical\\3_backdoor.npz', 1)",0.6288866996765137,0.1459181308746338,117.05491542816162,1448.0780317783356,2.4570600986480713,2.9097349643707275,0.06801080703735352,196.5835244655609,0.1892251968383789,4.140024185180664,62.56538367271423,,0.0678567886352539
"('adbench\\datasets\\Classical\\34_smtp.npz', 1)",0.016107559204101562,0.11309051513671875,43.45806932449341,114.51477432250977,0.048085689544677734,0.046942949295043945,0.0027396678924560547,1.8561789989471436,0.07235288619995117,0.31143736839294434,59.19965600967407,0.002198457717895508,0.009827613830566406
"('adbench\\datasets\\Classical\\8_celeba.npz', 1)",0.412034273147583,0.2389988899230957,262.26889634132385,,1.3773484230041504,1.2782227993011475,0.038202524185180664,681.2736127376556,0.1622014045715332,7.3336873054504395,267.7399981021881,0.05430269241333008,0.03503727912902832
"('adbench\\datasets\\Classical\\33_skin.npz', 1)",0.04163694381713867,0.2737572193145752,224.98030543327332,,0.09887146949768066,0.10221195220947266,0.007623195648193359,4.434706211090088,0.16939806938171387,0.6110780239105225,384.8045799732208,0.0066988468170166016,0.015241384506225586
"('adbench\\datasets\\Classical\\10_cover.npz', 1)",0.16701722145080566,0.3182497024536133,417.6144025325775,,0.5190403461456299,0.5626394748687744,0.018233776092529297,9.231590509414673,0.23958444595336914,7.690703868865967,533.9607870578766,0.016627788543701172,0.015940427780151367
"('adbench\\datasets\\Classical\\13_fraud.npz', 1)",0.4989480972290039,0.2505795955657959,519.7329211235046,,1.9024970531463623,1.945706844329834,0.043996334075927734,981.7686877250671,0.22197365760803223,13.517040252685547,527.1167862415314,0.05095219612121582,0.03556251525878906
"('adbench\\datasets\\Classical\\9_census.npz', 1)",8.58215880393982,1.0394806861877441,2551.7351355552673,,26.758942365646362,24.61015033721924,0.6641547679901123,9751.403638362885,1.5130085945129395,88.64415693283081,625.3722803592682,,0.546039342880249
"('adbench\\datasets\\Classical\\16_http.npz', 1)",0.137101411819458,0.7366459369659424,1592.1276512145996,,0.3048994541168213,0.3283109664916992,0.008494853973388672,12.185017347335815,0.3959496021270752,2.9332773685455322,2059.168976545334,0.012507915496826172,0.02053380012512207
"('adbench\\datasets\\Classical\\11_donors.npz', 1)",0.3748350143432617,0.7683489322662354,1801.4447221755981,,1.2260048389434814,1.214735507965088,0.036568403244018555,179.77648782730103,0.5990900993347168,155.50768566131592,2554.6948766708374,0.04181814193725586,0.04706692695617676
